[
  {
    "Id": "0ce1a320-cac0-491e-a9f8-95ee8296358e",
    "Name": "20250909_1357_NC_Prompt",
    "DateTime": "2025-09-09T13:57:43.637565+09:00",
    "Abbreviation": "NC",
    "Title": "Prompt",
    "Suffix": "draft",
    "Extension": ".txt",
    "OutputPath": "D:\\Work_Claude\\2025\\09\\NationalClock\\Documents",
    "TemplatePath": "D:\\Work_Claude\\2025\\09\\NationalClock\\Documents\\Template\\20250909_1414_NC_Template_Prompt.txt",
    "IsDateTimeEnabled": true,
    "IsAbbreviationEnabled": true,
    "IsTitleEnabled": true,
    "IsSuffixEnabled": false,
    "StringReplacements": [
      {
        "Id": "419b04e0-cb46-4686-ab27-08fa9582e2e8",
        "SearchText": "20250904_2004",
        "ReplaceText": "YYYYMMDD_HHMM",
        "IsEnabled": true,
        "IsCaseSensitive": false,
        "UseRegex": false,
        "UseDynamicReplacement": true,
        "Description": "새 규칙",
        "CreatedAt": "2025-09-09T15:37:52.2203438+09:00"
      },
      {
        "Id": "b17903ea-488c-483d-85d4-023c2306a24e",
        "SearchText": "20250904_2005",
        "ReplaceText": "YYYYMMDD_HHMM+1",
        "IsEnabled": true,
        "IsCaseSensitive": false,
        "UseRegex": false,
        "UseDynamicReplacement": true,
        "Description": "Development note",
        "CreatedAt": "2025-09-09T15:37:52.2204424+09:00"
      },
      {
        "Id": "d512dca3-44b6-49cb-8753-66d5fa3726d2",
        "SearchText": "20250904_2006",
        "ReplaceText": "YYYYMMDD_HHMM+2",
        "IsEnabled": true,
        "IsCaseSensitive": false,
        "UseRegex": false,
        "UseDynamicReplacement": true,
        "Description": "Chat",
        "CreatedAt": "2025-09-09T15:37:52.2204519+09:00"
      },
      {
        "Id": "e3266b9d-7cff-4d2a-a134-65f2b2bbdd9b",
        "SearchText": "20250904_2007",
        "ReplaceText": "YYYYMMDD_HHMM+3",
        "IsEnabled": true,
        "IsCaseSensitive": false,
        "UseRegex": false,
        "UseDynamicReplacement": true,
        "Description": "Work list",
        "CreatedAt": "2025-09-09T15:37:52.220459+09:00"
      },
      {
        "Id": "01d0f47a-fa03-4ee8-a097-8887245550dc",
        "SearchText": "20250904_2008",
        "ReplaceText": "YYYYMMDD_HHMM+4",
        "IsEnabled": true,
        "IsCaseSensitive": false,
        "UseRegex": false,
        "UseDynamicReplacement": true,
        "Description": "Next chat prompt",
        "CreatedAt": "2025-09-09T15:37:52.2204658+09:00"
      }
    ],
    "CreatedAt": "2025-09-09T15:38:18.6424257+09:00",
    "ModifiedAt": "2025-09-12T12:07:09.2049332+09:00",
    "UsageCount": 3,
    "LastUsed": "2025-09-12T12:07:09.2045825+09:00",
    "IsFavorite": false,
    "Tags": [],
    "Description": ""
  },
  {
    "Id": "a6212593-f243-4fbd-bfc6-d2fbf7b7f921",
    "Name": "20250918_0915_CSI_Prompt",
    "DateTime": "2025-09-18T09:15:51.6729128+09:00",
    "Abbreviation": "CSI",
    "Title": "Prompt",
    "Suffix": "draft",
    "Extension": ".txt",
    "OutputPath": "D:\\Work_Claude\\2025\\09\\A25091851_Change_Shortcuts_Info\\Documents",
    "TemplatePath": "D:\\Work_Claude\\2025\\09\\A25091851_Change_Shortcuts_Info\\Documents\\Template\\20250918_0914_CSI_Template_Prompt.txt",
    "IsDateTimeEnabled": true,
    "IsAbbreviationEnabled": true,
    "IsTitleEnabled": true,
    "IsSuffixEnabled": false,
    "StringReplacements": [
      {
        "Id": "c8aa9adc-9917-4362-b620-31946579406e",
        "SearchText": "20250904_2004",
        "ReplaceText": "YYYYMMDD_HHMM",
        "IsEnabled": true,
        "IsCaseSensitive": false,
        "UseRegex": false,
        "UseDynamicReplacement": true,
        "Description": "새 규칙",
        "CreatedAt": "2025-09-18T09:13:09.980782+09:00"
      },
      {
        "Id": "c5c50638-25ac-43a5-8867-bde0c12caa6c",
        "SearchText": "20250904_2005",
        "ReplaceText": "YYYYMMDD_HHMM+1",
        "IsEnabled": true,
        "IsCaseSensitive": false,
        "UseRegex": false,
        "UseDynamicReplacement": true,
        "Description": "Development note",
        "CreatedAt": "2025-09-18T09:13:09.9808653+09:00"
      },
      {
        "Id": "5eb3da59-ca2d-4e59-9a84-c81cee6f0af3",
        "SearchText": "20250904_2006",
        "ReplaceText": "YYYYMMDD_HHMM+2",
        "IsEnabled": true,
        "IsCaseSensitive": false,
        "UseRegex": false,
        "UseDynamicReplacement": true,
        "Description": "Chat",
        "CreatedAt": "2025-09-18T09:13:09.9808732+09:00"
      },
      {
        "Id": "43a5c75e-b12a-442b-abdc-4269f2b9a4b1",
        "SearchText": "20250904_2007",
        "ReplaceText": "YYYYMMDD_HHMM+3",
        "IsEnabled": true,
        "IsCaseSensitive": false,
        "UseRegex": false,
        "UseDynamicReplacement": true,
        "Description": "Work list",
        "CreatedAt": "2025-09-18T09:13:09.9808784+09:00"
      },
      {
        "Id": "16d4a5bd-e287-4f1b-8099-ba07d864cfba",
        "SearchText": "20250904_2008",
        "ReplaceText": "YYYYMMDD_HHMM+4",
        "IsEnabled": true,
        "IsCaseSensitive": false,
        "UseRegex": false,
        "UseDynamicReplacement": true,
        "Description": "Next chat prompt",
        "CreatedAt": "2025-09-18T09:13:09.9808829+09:00"
      }
    ],
    "CreatedAt": "2025-09-18T09:15:54.853586+09:00",
    "ModifiedAt": "2025-09-18T09:15:54.8535866+09:00",
    "UsageCount": 0,
    "LastUsed": "2025-09-18T09:15:54.8518893+09:00",
    "IsFavorite": false,
    "Tags": [],
    "Description": ""
  },
  {
    "Id": "c783ed21-1a17-4f1c-bcee-db28e76122ef",
    "Name": "20250929_1100_CYMDF_Prompt",
    "DateTime": "2025-09-29T11:00:34.2075526+09:00",
    "Abbreviation": "CYMDF",
    "Title": "Prompt",
    "Suffix": "draft",
    "Extension": ".txt",
    "OutputPath": "D:\\Work_Claude\\2025\\09\\CreateYMDFolder\\Documents",
    "TemplatePath": "D:\\Work_Claude\\2025\\09\\CreateYMDFolder\\Documents\\Template\\20250929_1100_CYMDF_Template_Prompt.txt",
    "IsDateTimeEnabled": true,
    "IsAbbreviationEnabled": true,
    "IsTitleEnabled": true,
    "IsSuffixEnabled": false,
    "StringReplacements": [
      {
        "Id": "ae40c01e-fb8c-4c36-aaae-2e57ef2ff5a8",
        "SearchText": "20250904_2004",
        "ReplaceText": "YYYYMMDD_HHMM",
        "IsEnabled": true,
        "IsCaseSensitive": false,
        "UseRegex": false,
        "UseDynamicReplacement": true,
        "Description": "새 규칙",
        "CreatedAt": "2025-09-29T10:40:17.1333588+09:00"
      },
      {
        "Id": "696e3919-0a27-4875-9250-d45fe5b5e7e5",
        "SearchText": "20250904_2005",
        "ReplaceText": "YYYYMMDD_HHMM+1",
        "IsEnabled": true,
        "IsCaseSensitive": false,
        "UseRegex": false,
        "UseDynamicReplacement": true,
        "Description": "Development note",
        "CreatedAt": "2025-09-29T10:40:17.1334425+09:00"
      },
      {
        "Id": "e7ca1a53-5000-46b3-bc11-e30342729e09",
        "SearchText": "20250904_2006",
        "ReplaceText": "YYYYMMDD_HHMM+2",
        "IsEnabled": true,
        "IsCaseSensitive": false,
        "UseRegex": false,
        "UseDynamicReplacement": true,
        "Description": "Chat",
        "CreatedAt": "2025-09-29T10:40:17.1334497+09:00"
      },
      {
        "Id": "94158d87-0c46-4e10-a50c-ab1223cd8f5f",
        "SearchText": "20250904_2007",
        "ReplaceText": "YYYYMMDD_HHMM+3",
        "IsEnabled": true,
        "IsCaseSensitive": false,
        "UseRegex": false,
        "UseDynamicReplacement": true,
        "Description": "Work list",
        "CreatedAt": "2025-09-29T10:40:17.1334546+09:00"
      },
      {
        "Id": "10691037-2841-4b16-a837-1f4014dc6da5",
        "SearchText": "20250904_2008",
        "ReplaceText": "YYYYMMDD_HHMM+4",
        "IsEnabled": true,
        "IsCaseSensitive": false,
        "UseRegex": false,
        "UseDynamicReplacement": true,
        "Description": "Next chat prompt",
        "CreatedAt": "2025-09-29T10:40:17.1334591+09:00"
      }
    ],
    "CreatedAt": "2025-09-29T11:00:36.6374329+09:00",
    "ModifiedAt": "2025-09-29T11:00:36.6374334+09:00",
    "UsageCount": 0,
    "LastUsed": "2025-09-29T11:00:36.626781+09:00",
    "IsFavorite": false,
    "Tags": [],
    "Description": ""
  },
  {
    "Id": "964079de-d609-4060-b729-0db1e7a72fc0",
    "Name": "20250930_1628_CNF_Prompt",
    "DateTime": "2025-09-30T16:28:26.2840263+09:00",
    "Abbreviation": "CNF",
    "Title": "Prompt",
    "Suffix": "draft",
    "Extension": ".txt",
    "OutputPath": "D:\\Work_Claude\\2025\\08\\CreateNewFile\\Documents",
    "TemplatePath": "D:\\Work_Claude\\2025\\08\\CreateNewFile\\Documents\\Template\\20250930_1617_CNF_Template_Prompt.txt",
    "IsDateTimeEnabled": true,
    "IsAbbreviationEnabled": true,
    "IsTitleEnabled": true,
    "IsSuffixEnabled": false,
    "StringReplacements": [
      {
        "Id": "7dde7d87-4db3-4edf-a76b-8ccfe05510af",
        "SearchText": "20250904_2004",
        "ReplaceText": "YYYYMMDD_HHMM",
        "IsEnabled": true,
        "IsCaseSensitive": false,
        "UseRegex": false,
        "UseDynamicReplacement": true,
        "Description": "Prompt",
        "CreatedAt": "2025-09-05T13:39:46.8989132+09:00"
      },
      {
        "Id": "a3e62887-47d9-4640-801e-d2d1e3c354bc",
        "SearchText": "20250904_2005",
        "ReplaceText": "YYYYMMDD_HHMM+1",
        "IsEnabled": true,
        "IsCaseSensitive": false,
        "UseRegex": false,
        "UseDynamicReplacement": true,
        "Description": "Development note",
        "CreatedAt": "2025-09-05T13:39:46.899004+09:00"
      },
      {
        "Id": "1ded4b07-b5b4-4024-9e8c-743b2eb1d442",
        "SearchText": "20250904_2006",
        "ReplaceText": "YYYYMMDD_HHMM+2",
        "IsEnabled": true,
        "IsCaseSensitive": false,
        "UseRegex": false,
        "UseDynamicReplacement": true,
        "Description": "Chat",
        "CreatedAt": "2025-09-05T13:39:46.8990127+09:00"
      },
      {
        "Id": "49294c54-5d3b-44a1-8030-2cd3faca174d",
        "SearchText": "20250904_2007",
        "ReplaceText": "YYYYMMDD_HHMM+3",
        "IsEnabled": true,
        "IsCaseSensitive": false,
        "UseRegex": false,
        "UseDynamicReplacement": true,
        "Description": "Work list",
        "CreatedAt": "2025-09-05T13:39:46.8990183+09:00"
      },
      {
        "Id": "8bf5704d-5dd4-4ff5-8120-540123ed0db5",
        "SearchText": "20250904_2008",
        "ReplaceText": "YYYYMMDD_HHMM+4",
        "IsEnabled": true,
        "IsCaseSensitive": false,
        "UseRegex": false,
        "UseDynamicReplacement": true,
        "Description": "Next chat prompt",
        "CreatedAt": "2025-09-30T16:26:52.5476329+09:00"
      }
    ],
    "CreatedAt": "2025-09-30T16:28:34.0158864+09:00",
    "ModifiedAt": "2025-10-01T19:23:38.3002955+09:00",
    "UsageCount": 3,
    "LastUsed": "2025-10-01T19:23:38.2998482+09:00",
    "IsFavorite": false,
    "Tags": [],
    "Description": ""
  }
]